Date,Close,Volume,SMA_50,SMA_200,RSI
2020-01-01,3352.8104691935328,1222992,,,
2020-01-02,6432.841910866977,1286670,,,100.0
2020-01-03,9628.589507688124,1083679,,,100.0
2020-01-06,13076.768147528415,1087109,,,100.0
2020-01-07,16450.279745558408,880155,,,100.0
2020-01-08,19254.824169583124,1006617,,,100.0
2020-01-09,22444.84185308824,829167,,,100.0
2020-01-10,25414.5704114287,856011,,,100.0
2020-01-13,28393.92664106999,821285,,,100.0
2020-01-14,31476.046341457662,968795,,,100.0
2020-01-15,34504.85505568984,1209818,,,100.0
2020-01-16,37795.70975708243,1634194,,,100.0
2020-01-17,40947.91730211183,1037899,,,100.0
2020-01-20,43972.2523054104,730317,,,100.0
2020-01-21,47061.02495195949,1252996,,,100.0
2020-01-22,50127.759817434344,939843,,,100.0
2020-01-23,53426.57563206586,867878,,,100.0
2020-01-24,56385.5439793127,1041969,,,100.0
2020-01-27,59448.15751964288,751875,,,100.0
2020-01-28,62277.338371782535,1044492,,,100.0
2020-01-29,64766.74040861572,982324,,,100.0
2020-01-30,67897.46412770379,1019675,,,100.0
2020-01-31,71070.35136747568,1076283,,,100.0
2020-02-03,73921.91836339439,1013498,,,100.0
2020-02-04,77375.86928819191,1003267,,,100.0
2020-02-05,80084.99615327216,1056862,,,100.0
2020-02-06,83094.14785673245,1083080,,,100.0
2020-02-07,86056.71108672729,793703,,,100.0
2020-02-10,89363.26692959898,714001,,,100.0
2020-02-11,92657.13868357903,987672,,,100.0
2020-02-12,95688.12816871841,713452,,,100.0
2020-02-13,98763.76067263885,1017506,,,100.0
2020-02-14,101586.20352311282,1187749,,,100.0
2020-02-17,104190.04422946804,1121422,,,100.0
2020-02-18,107120.46179960281,790365,,,100.0
2020-02-19,110151.73159342361,827947,,,100.0
2020-02-20,113397.78972956915,1065660,,,100.0
2020-02-21,116638.26569932603,919740,,,100.0
2020-02-24,119560.80033584444,936668,,,100.0
2020-02-25,122500.33978572937,1119381,,,100.0
2020-02-26,125290.62919271596,802542,,,100.0
2020-02-27,128006.62560528016,919753,,,100.0
2020-02-28,130665.37156715516,839983,,,100.0
2020-03-02,134055.52664620153,791374,,,100.0
2020-03-03,136953.5962098512,828584,,,100.0
2020-03-04,139865.98134952897,1135492,,,100.0
2020-03-05,142615.42227751898,1010364,,,100.0
2020-03-06,145770.92034868538,824167,,,100.0
2020-03-09,148448.1407791738,953779,,,100.0
2020-03-10,151405.592723131,672238,78416.73140783845,,100.0
2020-03-11,154226.49941089228,853337,81434.20518667244,,100.0
2020-03-12,157303.87991046414,1429914,84451.62594666437,,100.0
2020-03-13,160201.71888295037,981951,87463.08853416963,,100.0
2020-03-16,162965.5924461259,1146331,90460.86502014156,,100.0
2020-03-17,165959.95600045816,986902,93451.05854523955,,100.0
2020-03-18,169045.62237456423,1069633,96446.87450933918,,100.0
2020-03-19,172058.92581904086,1132651,99439.15618865823,,100.0
2020-03-20,175119.4201985888,779076,102433.25318440143,,100.0
2020-03-23,177992.5557798526,993812,105425.22576717711,,100.0
2020-03-24,180920.0075466552,1315773,108414.10499128103,,100.0
2020-03-25,183785.5154571,840899,111399.71819930924,,100.0
2020-03-26,186713.6048247919,886712,114378.07610066343,,100.0
2020-03-27,189550.975568383,938461,117350.13726598884,,100.0
2020-03-30,192205.71904791667,1053804,120314.80660083899,,100.0
2020-03-31,195241.20427636744,1104983,123278.41018732713,,100.0
2020-04-01,198160.8480891258,1253482,126239.07195276096,,100.0
2020-04-02,200834.80841973258,1099899,129187.2366085143,,100.0
2020-04-03,203927.36487083774,987589,132138.07302634482,,100.0
2020-04-06,206745.90519796108,1251833,135084.0279799112,,100.0
2020-04-07,209756.29427712032,1140822,138033.60709801794,,100.0
2020-04-08,212902.11238955584,700864,140996.3145376367,,100.0
2020-04-09,215927.90897170734,1505273,143956.9234345168,,100.0
2020-04-10,219155.789108616,1353984,146918.6321893396,,100.0
2020-04-13,221908.8239445453,966357,149878.37030096262,,100.0
2020-04-14,224989.2922727808,1075582,152830.6387606544,,100.0
2020-04-15,227852.33025459273,1264871,155785.98544268083,,100.0
2020-04-16,230678.17082475635,965559,158737.66590204128,,100.0
2020-04-17,233562.40089180347,1146070,161687.7796981428,,100.0
2020-04-20,236500.090385378,1220915,164630.5161672584,,100.0
2020-04-21,239511.32345382395,797034,167567.5998626633,,100.0
2020-04-22,242278.29348566727,879533,170499.40316900227,,100.0
2020-04-23,245458.4587830581,1184281,173433.29713121068,,100.0
2020-04-24,248551.5912710042,1092162,176372.6048861685,,100.0
2020-04-27,251244.34253374877,1184759,179313.6908522541,,100.0
2020-04-28,254541.9929725079,973486,182262.12147571222,,100.0
2020-04-29,257921.17080771402,942198,185217.510259998,,100.0
2020-04-30,261156.92672194596,600272,188172.69299984552,,100.0
2020-05-01,264120.9417547835,770799,191122.3465209547,,100.0
2020-05-04,266906.7912304814,1009413,194069.26633884743,,100.0
2020-05-05,270117.68157586764,1164911,197021.61317465024,,100.0
2020-05-06,273037.046186473,1106235,199976.54151452534,,100.0
2020-05-07,276281.53520054946,974351,202942.03970643075,,100.0
2020-05-08,279323.1901961648,945645,205915.19607901093,,100.0
2020-05-11,282518.5180034616,1043435,208884.4559061561,,100.0
2020-05-12,285589.7912828965,1015642,211857.17980761704,,100.0
2020-05-13,288731.10591653484,1280909,214834.48229895715,,100.0
2020-05-14,291733.205920679,1029288,217816.83797182035,,100.0
2020-05-15,295090.3800194602,703750,220803.22716523585,,100.0
2020-05-18,298115.76243800094,745488,223796.5795984124,,100.0
2020-05-19,301196.1603106899,1303751,226792.39095016356,,100.0
2020-05-20,304572.79045010114,765767,229799.31677094777,,100.0
2020-05-21,307303.2386378726,1152899,232799.3039454959,,100.0
2020-05-22,310049.14163817547,946325,235796.25240060038,,100.0
2020-05-25,313243.0209798071,966048,238801.80097127403,,100.0
2020-05-26,316008.39629878424,973173,241802.76977724052,,100.0
2020-05-27,319397.1205359141,1244276,244809.7997404675,,100.0
2020-05-28,322314.39673976216,961431,247814.909158882,,100.0
2020-05-29,325164.905777474,993336,250815.81887045968,,100.0
2020-06-01,328549.4941827701,693839,253826.95763851804,,100.0
2020-06-02,331845.59714105696,1041338,256845.46943040605,,100.0
2020-06-03,335219.10893314227,1106208,259874.14129992694,,100.0
2020-06-04,338400.31786479737,1047829,262907.875560727,,100.0
2020-06-05,341228.07272778644,1279579,265941.417503915,,100.0
2020-06-08,344610.08571840625,1011034,268989.5048373249,,100.0
2020-06-09,347556.485044216,1059795,272035.81045268185,,100.0
2020-06-10,350716.97632337525,1329700,275086.93301736686,,100.0
2020-06-11,353906.42671693,689997,278148.36538331077,,100.0
2020-06-12,356875.42469831184,908834,281207.32657986024,,100.0
2020-06-15,359998.24057238107,1285231,284272.37328734866,,100.0
2020-06-16,363182.6819066944,1187225,287340.90103994013,,100.0
2020-06-17,366257.9670129255,1135676,290408.01813240757,,100.0
2020-06-18,369038.0868548086,1166530,293470.22169006953,,100.0
2020-06-19,372097.7344896498,1065413,296529.06059769023,,100.0
2020-06-22,375363.0116689872,1326319,299598.1443521791,,100.0
2020-06-23,378224.09809704096,1075551,302662.8404686643,,100.0
2020-06-24,381194.17118897545,1047973,305729.6772873519,,100.0
2020-06-25,384107.14047863113,1031791,308798.25668042945,,100.0
2020-06-26,387476.993224327,1038572,311876.54852707987,,100.0
2020-06-29,390611.4521757295,768596,314958.775762887,,100.0
2020-06-30,393692.9445429777,1154134,318042.40818467,,100.0
2020-07-01,396538.96132808866,973912,321127.6215415184,,100.0
2020-07-02,399646.811166347,1364383,324211.3885891842,,100.0
2020-07-03,402511.94463421556,984869,327290.59565644845,,100.0
2020-07-06,405518.3107458704,1084183,330376.07502069086,,100.0
2020-07-07,408391.1415301946,1049320,333453.0579918446,,100.0
2020-07-08,411526.42818918393,874888,336525.163139474,,100.0
2020-07-09,414641.7463525069,1198427,339594.8595320852,,100.0
2020-07-10,417600.0866013913,1381012,342664.44242901733,,100.0
2020-07-13,420679.2879439237,997044,345739.8923632862,,100.0
2020-07-14,423460.6756421776,939904,348806.75224461243,,100.0
2020-07-15,426162.42412363645,928994,351869.25980335573,,100.0
2020-07-16,429250.30246388935,621527,354928.63514862256,,100.0
2020-07-17,432283.63716296386,964437,357987.8440879584,,100.0
2020-07-20,435410.6434503423,1050199,361045.68659689603,,100.0
2020-07-21,438887.2724053151,1210951,364111.63621934445,,100.0
2020-07-22,442076.16830271314,1192009,367178.53746706806,,100.0
2020-07-23,444893.6038576243,916700,370241.74542580696,,100.0
2020-07-24,448117.00711524347,944635,373302.27796772256,,100.0
2020-07-27,450853.82563314115,1224781,376357.03923162544,,100.0
2020-07-28,453761.5087121782,965307,379408.3461996552,,100.0
2020-07-29,456747.86039111327,897994,382451.84759847535,,100.0
2020-07-30,460090.52893544314,1278503,385507.5934044268,,100.0
2020-07-31,462941.57797103346,1207517,388565.442131084,,100.0
2020-08-03,465776.29026330163,1003758,391616.1075167539,,100.0
2020-08-04,468756.59975841653,881244,394671.07158594654,,100.0
2020-08-05,471623.9041011441,597623,397715.60725725116,,100.0
2020-08-06,474849.2312855654,1117940,400766.3039481672,,100.0
2020-08-07,477633.2449838927,820726,403815.6707322956,,100.0
2020-08-10,480403.7512534105,607453,406852.75587370835,,100.0
2020-08-11,483316.1872444616,1316964,409882.1676757764,,100.0
2020-08-12,486216.58075432316,1129593,412902.1171122001,,100.0
2020-08-13,489602.48716508655,772198,415926.16049820586,,100.0
2020-08-14,492792.3713264717,757119,418957.44647017954,,100.0
2020-08-17,495809.8815747487,1174192,421981.44238730636,,100.0
2020-08-18,498564.7944709827,824405,425001.60857584176,,100.0
2020-08-19,501733.667066263,1259229,428021.94239069946,,100.0
2020-08-20,504533.6239967851,1123291,431034.4863362966,,100.0
2020-08-21,507224.66977742955,1107319,434041.47123787896,,100.0
2020-08-24,510462.2757359,1080939,437050.75194114936,,100.0
2020-08-25,513525.66425828496,1038290,440057.6115881811,,100.0
2020-08-26,516709.8360230411,1176102,443066.6489683835,,100.0
2020-08-27,519773.5815536297,909183,446081.35886235983,,100.0
2020-08-28,522944.94767601026,1017190,449098.30312608706,,100.0
2020-08-31,525814.7425573502,1150389,452107.3377438543,,100.0
2020-09-01,528607.8939889933,1112597,455115.01366169343,,100.0
2020-09-02,531744.2128926496,761002,458126.0144957669,,100.0
2020-09-03,534583.5309598148,899918,461135.5423053905,,100.0
2020-09-04,537445.6210042648,1050560,464134.9148609893,,100.0
2020-09-07,540354.5145035613,918397,467129.77610754594,,100.0
2020-09-08,543358.0103353664,1354931,470123.0774233937,,100.0
2020-09-09,546287.2115531156,921369,473118.04242789425,,100.0
2020-09-10,549012.2212944321,967556,476105.350630456,,100.0
2020-09-11,551883.4976138655,1153886,479092.7816900489,,100.0
2020-09-14,554438.8169834206,1066106,482071.19181479997,,100.0
2020-09-15,557563.8632736261,970945,485054.6462496686,,100.0
2020-09-16,560243.4517425047,848701,488028.986720735,,100.0
2020-09-17,563022.575074619,1060302,490996.6032951773,,100.0
2020-09-18,566033.0080904713,1207819,493965.2617249589,,100.0
2020-09-21,568885.095491193,1095819,496929.3778759042,,100.0
2020-09-22,572193.6984102743,844363,499904.0383312662,,100.0
2020-09-23,574935.1270283296,1347354,502879.49238936,,100.0
2020-09-24,577988.5372021995,710684,505854.25708412623,,100.0
2020-09-25,580980.6806385539,683462,508828.19795363804,,100.0
2020-09-28,583747.0619390057,1192111,511794.9263234113,,100.0
2020-09-29,586851.7172711121,1045168,514754.21522072726,,100.0
2020-09-30,589817.4080048677,890100,517709.04001477035,,100.0
2020-10-01,592971.7661151105,780285,520670.60325992,,100.0
2020-10-02,596136.4669459033,1464159,523630.9924565333,,100.0
2020-10-05,599569.1141357594,1023418,526605.2982265856,,100.0
2020-10-06,602836.4197256467,1106840,529586.796446855,303551.06625112804,100.0
2020-10-07,605762.5833580582,1063577,532567.090906194,306563.11511557235,100.0
2020-10-08,608714.707522543,1086961,535539.5744779359,309574.5244436307,100.0
2020-10-09,611934.6394417204,1108018,538519.4357073497,312586.0546933009,100.0
2020-10-12,615065.6921878649,1146484,541505.223745841,315595.99931350263,100.0
2020-10-13,618193.7184930844,924955,544493.9661205342,318604.71650724026,100.0
2020-10-14,620870.3272842222,941671,547478.8945841958,321612.79402281344,100.0
2020-10-15,623865.4620593424,651795,550459.2191996714,324619.8971238447,100.0
2020-10-16,626717.8558775013,843939,553440.9114175435,327626.4135511751,100.0
2020-10-19,629773.84079731,1054222,556428.3132084216,330633.31312195625,100.0
2020-10-20,632754.2107193815,1209004,559417.0736779199,333639.7039438459,100.0
2020-10-21,635936.246501,1119807,562411.4669928534,336646.8609010724,100.0
2020-10-22,638999.6901440383,931861,565399.4110524325,339652.88080300717,100.0
2020-10-23,642156.95573646,747365,568386.7027406322,342658.925995179,100.0
2020-10-26,645063.6719171129,444528,571371.7785474795,345664.3830932374,100.0
2020-10-27,647874.7826659293,1230346,574357.9783113785,348668.45188180736,100.0
2020-10-28,650792.7727272888,882154,577339.1604245991,351671.7769463566,100.0
2020-10-29,653789.3686445164,910306,580324.2753175537,354673.5909114189,100.0
2020-10-30,656865.1989916274,1026314,583317.0859018376,357675.9891864804,100.0
2020-11-02,660317.0607817656,718887,586314.1816027549,360680.333702791,100.0
2020-11-03,663308.6093514335,930043,589309.8405046179,363685.4900576893,100.0
2020-11-04,666117.420351335,1404694,592297.9921911837,366692.24345740286,100.0
2020-11-05,669048.2239961951,1101077,595283.4850400351,369697.99725674535,100.0
2020-11-06,671955.5048012659,1071849,598263.6961825402,372702.4230239142,100.0
2020-11-09,675051.8010960206,683501,601248.4373533136,375708.0724375774,100.0
2020-11-10,677743.6416931316,1448720,604231.1523073964,378709.91129960207,100.0
2020-11-11,680756.2940919717,715441,607211.3939313828,381713.26778929564,100.0
2020-11-12,683787.5953995648,1384464,610195.4752201778,384716.7350270097,100.0
2020-11-13,686834.0316068049,576988,613183.2434322286,387720.62162961013,100.0
2020-11-16,689714.5683930118,1281073,616170.4445100175,390722.37813692726,100.0
2020-11-17,692666.9840470646,1323610,619156.6239842515,393722.4273637446,100.0
2020-11-18,695382.171865268,835118,622138.5231904945,396720.89758222736,100.0
2020-11-19,698283.5078885956,1084516,625123.9489223778,399718.49631830724,100.0
2020-11-20,701174.9355933922,1109496,628109.7776819684,402716.4399786586,100.0
2020-11-23,704258.1456026445,837241,631106.1642543528,405716.78048552445,100.0
2020-11-24,707026.9091162801,710176,634095.425171206,408716.31272210786,100.0
2020-11-25,710183.1487366222,736456,637094.2191110883,411716.4698078238,100.0
2020-11-26,713482.0456455204,1108201,640103.4085225064,414716.8910874036,100.0
2020-11-27,716068.0486405178,982976,643104.1093335073,417714.04000210954,100.0
2020-11-30,719153.3003866734,887139,646109.4734314169,420712.0025023637,100.0
2020-12-01,722288.6819936795,1193353,649111.373103085,423710.9442134034,100.0
2020-12-02,725161.194588569,1101613,652115.8944542897,426710.2970403827,100.0
2020-12-03,728081.7402257032,848907,655117.7585147598,429710.6726134848,100.0
2020-12-04,731055.1641101858,759759,658119.2481841925,432712.6215762,100.0
2020-12-07,733995.6059343055,1104652,661124.2190640986,435712.32197264046,100.0
2020-12-08,736933.803340496,892483,664125.8607854862,438712.22300829366,100.0
2020-12-09,739598.60257923,1019840,667121.4846769734,441710.8861144422,100.0
2020-12-10,742829.0688921866,1315259,670118.6307325149,444711.95434751554,100.0
2020-12-11,746044.992610594,1100465,673116.8012458087,447713.32470882515,100.0
2020-12-14,748882.3197587532,827546,676103.0653582686,450715.4956037231,100.0
2020-12-15,751589.0348931927,1032132,679078.1176616194,453716.4128145733,100.0
2020-12-16,754693.2478684833,809471,682056.7309518281,456718.74655686127,100.0
2020-12-17,757578.0902745207,1321704,685033.9986068675,459720.11760868155,100.0
2020-12-18,760606.4809071849,887684,688007.4354361768,462722.1414188027,100.0
2020-12-21,763542.6152237558,1041454,690976.9738968947,465725.0265326909,100.0
2020-12-22,766680.9229739698,1061546,693946.7179865123,468728.63136755844,100.0
2020-12-23,769819.8728027011,1031850,696925.7088968821,471732.5026196991,100.0
2020-12-24,772674.7533270083,608290,699901.8947222354,474735.58175723895,100.0
2020-12-25,775398.0805359293,710715,702875.4992154039,477736.9750589257,100.0
2020-12-28,778081.4928564623,909529,705841.6522565868,480737.4197443087,100.0
2020-12-29,781203.5687322837,1063886,708810.639416845,483738.8375502369,100.0
2020-12-30,783965.7968807268,972444,711771.2304244394,486739.738957355,100.0
2020-12-31,786864.4336098671,808570,714728.5252937562,489740.4931012804,100.0
2021-01-01,789745.170802177,730315,717680.2895950703,492741.46407744935,100.0
2021-01-04,792734.6573429231,919688,720633.7093035866,495744.1087689244,100.0
2021-01-05,795347.4013817539,906304,723583.161677903,498744.6397544513,100.0
2021-01-06,798385.1571011127,1102567,726535.0093653795,501745.7612995112,100.0
2021-01-07,801489.9353058795,934736,729489.0206986069,504749.03693394194,100.0
2021-01-08,804507.6197232883,1120541,732441.86911324,507751.9382082042,100.0
2021-01-11,807445.4424889487,881070,735384.4367473837,510755.43589465914,100.0
2021-01-12,810464.9225222025,948808,738327.5630107991,513758.9790358846,100.0
2021-01-13,813544.7317913305,930390,741276.109239599,516762.1921328934,100.0
2021-01-14,815990.2132400451,843526,744214.9490244761,519762.50365423516,100.0
2021-01-15,819381.3957016952,1125023,747163.4668424847,522763.6316872005,100.0
2021-01-18,822459.4143662328,837280,750111.6191078888,525766.3846393089,100.0
2021-01-19,825328.9326497554,895671,753063.3249270214,528768.0828411938,100.0
2021-01-20,828250.7419747178,985376,756013.2138846762,531770.0748997944,100.0
2021-01-21,831349.4903301876,740524,758964.4517832887,534773.4314973216,100.0
2021-01-22,834326.2695423807,935013,761914.2965420001,537777.2508405745,100.0
2021-01-25,836920.1326488244,857738,764858.4078271164,540779.3510518917,100.0
2021-01-26,840333.0312210962,922369,767811.7287705971,543783.4595907282,100.0
2021-01-27,843310.9230896496,988014,770770.3037950847,546788.622738748,100.0
2021-01-28,846514.9576319928,840017,773734.9327899526,549793.9052329926,100.0
2021-01-29,849376.5476624359,955984,776698.9650313334,552798.0300149499,100.0
2021-02-01,852683.823073285,1261733,779667.4785807463,555805.2274176475,100.0
2021-02-02,855741.0918110635,994840,782641.762234642,558811.2229118403,100.0
2021-02-03,858862.8605779585,1229052,785615.3564714687,561815.9313606916,100.0
2021-02-04,861653.8099047291,1069298,788578.7917566529,564818.4157766055,100.0
2021-02-05,864896.0389626657,1154832,791555.3515630957,567822.2912626448,100.0
2021-02-08,868034.0025955726,845108,794532.9656072739,570827.9273194703,100.0
2021-02-09,871294.3718414856,1020981,797513.07940423,573833.8107707984,100.0
2021-02-10,874168.7543295573,1026782,800493.2305990498,576839.4693115138,100.0
2021-02-11,877072.5489058652,877474,803473.046772653,579843.4243800404,100.0
2021-02-12,880533.3322454019,835434,806462.6101353572,582849.4750902866,100.0
2021-02-15,883321.3290808576,701946,809449.1245982884,585853.4891456736,100.0
2021-02-16,886294.1391407219,1299227,812436.3313142929,588857.0108849627,100.0
2021-02-17,889521.5174132424,805519,815434.7896109731,591860.9629424461,100.0
2021-02-18,892541.0624067853,1269244,818429.029481265,594865.0022248768,100.0
2021-02-19,895657.653142736,906501,821421.2826919081,597867.8385904931,100.0
2021-02-22,898577.7633368834,827501,824415.1915634705,600870.1485949876,100.0
2021-02-23,901651.7745144529,1124503,827416.4463558957,603872.4266660063,100.0
2021-02-24,904390.4691441058,873761,830410.3907814083,606871.5150594764,100.0
2021-02-25,907722.0952800295,1113691,833413.2708815184,609873.6093426872,100.0
2021-02-26,910698.4624710038,933437,836415.1105127947,612876.8559468513,100.0
2021-03-01,913562.4268302044,1096084,839415.5067449238,615878.4529761034,100.0
2021-03-02,916695.7034466108,806362,842415.8023543766,618881.8895118424,100.0
2021-03-03,919603.5594891331,1166270,845411.4760881051,621882.9217066085,100.0
2021-03-04,922336.7077948526,1097594,848404.7151774621,624883.033261884,100.0
2021-03-05,925067.3642936931,816069,851398.1008526173,627882.545554465,100.0
2021-03-08,928206.1189242312,1528587,854400.5933739728,630880.8286781724,100.0
2021-03-09,931174.204236602,1108024,857400.006084059,633877.47171365,100.0
2021-03-10,934147.4639246683,1458093,860403.6394249378,636872.1134886077,100.0
2021-03-11,937363.0126858635,1320053,863413.6110064578,639866.9269627131,100.0
2021-03-12,940137.6475241121,962233,866421.4605408965,642861.4748366947,100.0
2021-03-15,942991.5119735391,917545,869426.5976335087,645853.3819679704,100.0
2021-03-16,945914.5360117028,919308,872437.9403261078,648845.1722228078,100.0
2021-03-17,948933.4063295663,633994,875448.905310677,651836.2543728388,100.0
2021-03-18,951924.9720393082,860832,878457.6060453455,654826.3470994506,100.0
2021-03-19,954867.5946008302,1049353,881464.8055428964,657816.3079489633,100.0
2021-03-22,957855.2693204111,1305191,884473.0020795256,660805.5930927034,100.0
2021-03-23,960833.8082651529,845445,887480.3797943846,663793.8487244957,100.0
2021-03-24,963689.8873874425,1176411,890483.2829063068,666781.0083263683,100.0
2021-03-25,966527.2887897317,749481,893494.0244173005,669768.4543360429,100.0
2021-03-26,969582.1920612765,882735,896498.0403444922,672755.876623901,100.0
2021-03-29,972404.0090446774,908471,899496.9322380611,675741.0816107795,100.0
2021-03-30,975172.5379928392,1074362,902493.8043449228,678725.8238102584,100.0
2021-03-31,978110.079542614,1091461,905490.9910962805,681710.4033520266,100.0
2021-04-01,981078.5461393812,1192468,908485.5722124645,684695.2603803304,100.0
2021-04-02,984529.8908388409,1154167,911489.6446383938,687680.5248684031,100.0
2021-04-05,987388.9507836696,1048633,914499.0210010908,690664.4123614426,100.0
2021-04-06,990577.6029286635,1078072,917503.912435242,693648.8356533711,100.0
2021-04-07,993727.0405955045,1317706,920512.234785359,696634.7760497081,100.0
2021-04-08,996489.2516044637,897814,923511.7206648086,699618.9882518988,100.0
2021-04-09,999643.9021999442,1154945,926517.0677555588,702604.6480397274,100.0
2021-04-12,1002407.1260719056,638371,929511.533815531,705589.0921163575,100.0
2021-04-13,1004875.2916243062,1082266,932494.2178117959,708571.5128668281,100.0
2021-04-14,1007996.5555291781,903350,935476.8917108204,711553.8635035281,100.0
2021-04-15,1010645.3774124905,1000514,938456.7230609755,714533.881658828,100.0
2021-04-16,1013735.5643048517,1208017,941433.5135678193,717514.5590473454,100.0
2021-04-19,1016598.7621253042,1032928,944404.8087584139,720494.1564182522,100.0
2021-04-20,1019930.6722845422,1177037,947377.534767275,723476.506401464,100.0
2021-04-21,1023144.3741644054,1294752,950357.0471639719,726461.4161516678,100.0
2021-04-22,1026053.6970036351,1077818,953336.6701259274,729445.4331243666,100.0
2021-04-23,1028916.1294814294,1234208,956304.326070648,732428.5955859589,100.0
2021-04-26,1031673.3140008105,934687,959271.3657690469,735409.9089387113,100.0
2021-04-27,1034585.129474352,998358,962237.1855757196,738388.3982240563,100.0
2021-04-28,1037529.058375315,895476,965197.336394961,741365.6626744195,100.0
2021-04-29,1040456.1196664367,1208595,968155.6375401542,744343.4752534635,100.0
2021-04-30,1043487.4604374912,1082818,971112.2336860491,747320.3275200748,100.0
2021-05-03,1046603.1647370369,898553,974072.7417140523,750299.0742155943,100.0
2021-05-04,1049673.0956284355,1030933,977033.1681363318,753278.6321501754,100.0
2021-05-05,1052520.2668436542,1208313,979995.7640903229,756257.4941824382,100.0
2021-05-06,1055232.708548894,992146,982945.9763557002,759233.2050805055,100.0
2021-05-07,1058505.6149185144,810213,985902.1194046505,762211.0252652429,100.0
2021-05-10,1061367.7250816044,1026382,988858.2253696783,765188.9824393344,100.0
2021-05-11,1064237.2663616175,603886,991809.0566279783,768166.3857723505,100.0
2021-05-12,1067133.0284991572,1153754,994759.646008179,771143.9313943406,100.0
2021-05-13,1069764.414589126,915734,997708.2001440644,774118.5073108583,100.0
2021-05-14,1072668.819788318,906137,1000660.2292539569,777093.6851848805,100.0
2021-05-17,1075572.8886255163,1175139,1003607.5646479826,780069.5308717409,100.0
2021-05-18,1078696.9602851851,726967,1006558.0197689544,783046.4347369444,100.0
2021-05-19,1081836.6517150067,1389419,1009511.8035247612,786024.535091748,100.0
2021-05-20,1084837.4058928238,903951,1012461.2913889003,789000.7096853866,100.0
2021-05-21,1088023.7755676466,895349,1015419.0139497711,791976.8667065925,100.0
2021-05-24,1091091.7685644068,1204244,1018381.0190815884,794953.2761415407,100.0
2021-05-25,1094088.6321420863,1141739,1021344.5010041961,797930.8953298964,100.0
2021-05-26,1097120.8177757459,1490245,1024308.2492331195,800907.8310834437,100.0
2021-05-27,1100082.6870770296,957758,1027271.403533874,803885.5763988451,100.0
2021-05-28,1103003.717174223,975918,1030234.1259853418,806864.471635829,100.0
2021-05-31,1105950.1704668442,704136,1033196.0240082707,809841.9111094837,100.0
2021-06-01,1108724.5682005503,933579,1036153.8392069786,812817.9056291949,100.0
2021-06-02,1111780.6565416136,855713,1039115.6545900619,815793.2597317878,100.0
2021-06-03,1114582.0318194276,910246,1042076.7494506559,818767.3019831167,100.0
2021-06-04,1117750.3580722422,651162,1045040.1127708751,821741.329035098,100.0
2021-06-07,1120700.46635621,1332121,1048006.0419171058,824715.7576540923,100.0
2021-06-08,1123710.36535254,716679,1050976.7984642996,827691.27001091,100.0
2021-06-09,1126809.1327077963,439559,1053950.7795276036,830666.5946099858,100.0
2021-06-10,1129937.795600809,762315,1056927.964516832,833643.3659331907,100.0
2021-06-11,1132623.6709190821,879232,1059889.8401184368,836619.2561827649,100.0
2021-06-14,1135582.2901838494,770089,1062853.7069064404,839595.3950611663,100.0
2021-06-15,1138758.3259662655,1219660,1065817.3213671923,842572.3966393209,100.0
2021-06-16,1141418.704802379,972432,1068771.1546513299,845548.054105567,100.0
2021-06-17,1144496.160897458,1005077,1071731.29283719,848525.4738035821,100.0
2021-06-18,1147045.0480515775,1122078,1074679.3157542225,851501.2815557708,100.0
2021-06-21,1149840.5466828505,1057202,1077627.9841664415,854478.290204268,100.0
2021-06-22,1152848.2727932185,1195713,1080587.4437898197,857454.7122518659,100.0
2021-06-23,1155516.9297727542,778104,1083537.8512746913,860431.0796420171,100.0
2021-06-24,1158319.8276252174,890496,1086491.3402789456,863407.56590477,100.0
2021-06-25,1161025.4606237246,1133193,1089437.1382053231,866382.5281674364,100.0
2021-06-28,1164355.087610166,493089,1092392.2647150205,869359.8781280314,100.0
2021-06-29,1167387.9331612636,724963,1095341.4099325547,872335.8493017862,100.0
2021-06-30,1170501.391216834,1100198,1098288.5502736035,875313.6806227288,100.0
2021-07-01,1173456.856196731,903950,1101236.6134574653,878291.0222177014,100.0
2021-07-02,1176386.1698469797,1187221,1104186.0142647764,881268.0496637435,100.0
2021-07-05,1179062.8750092494,1161836,1107133.8054849452,884244.6287290948,100.0
2021-07-06,1182004.5075366998,760381,1110082.1930461922,887220.3926804226,100.0
2021-07-07,1184852.2090943374,1081331,1113028.6560605725,890195.5666858699,100.0
2021-07-08,1188023.7938791958,1240339,1115980.0095448277,893170.8268246904,100.0
2021-07-09,1191252.0142525274,1029486,1118935.3006211284,896146.4045612236,100.0
2021-07-12,1194545.3299956422,804507,1121894.1439263006,899121.285640523,100.0
2021-07-13,1197715.8403835343,1175877,1124854.9988214024,902095.6827438124,100.0
2021-07-14,1200596.1095961498,1127084,1127816.5156764525,905069.8503750027,100.0
2021-07-15,1203372.9301989577,1108522,1130779.3201094538,908043.1414883849,100.0
2021-07-16,1206526.2628352868,1143187,1133739.733067789,911016.0996053527,100.0
2021-07-19,1209597.5213987813,401077,1136704.3289941328,913988.7587514074,100.0
2021-07-20,1212243.813708646,1176187,1139664.4599410733,916959.0092274852,100.0
2021-07-21,1215314.9100671948,1361626,1142628.097572434,919931.2321414,100.0
2021-07-22,1218477.8140316925,1087327,1145602.3655612853,922904.2939012619,100.0
2021-07-23,1221489.599149529,1038545,1148578.7811485096,925878.1526176218,100.0
2021-07-26,1224452.588415327,1139287,1151556.3751443059,928851.546355712,100.0
2021-07-27,1227291.0587178038,1067645,1154528.2571129582,931824.2305957042,100.0
2021-07-28,1230001.751777891,1130356,1157491.559114216,934794.5581220887,100.0
2021-07-29,1233161.811367759,1000294,1160458.0472237146,937765.3687282072,100.0
2021-07-30,1236099.9884788047,846659,1163419.5714819375,940735.0838919188,100.0
2021-08-02,1239053.295146496,799135,1166378.8020135795,943705.0320080657,100.0
2021-08-03,1242399.83938388,800361,1169345.0261584155,946677.6572916557,100.0
2021-08-04,1245536.7396052517,725391,1172313.3445950055,949651.3771260454,100.0
2021-08-05,1248610.9046055079,786451,1175283.9089455751,952625.4848058504,100.0
2021-08-06,1251639.3169665453,1352253,1178256.6209414215,955599.3553957249,100.0
2021-08-09,1254943.3159386984,1150819,1181236.4838508584,958572.4866715096,100.0
2021-08-10,1258287.2338001817,874994,1184227.737162851,961547.3797937534,100.0
2021-08-11,1261473.1348224776,921921,1187221.5867284685,964524.1583661091,100.0
2021-08-12,1264589.5797407571,1022511,1190221.737686895,967501.8651448318,100.0
2021-08-13,1267170.659126516,868890,1193210.1437079806,970477.940916458,100.0
2021-08-16,1270195.4035093626,1013503,1196200.0424510436,973453.6589285248,100.0
2021-08-17,1273169.3821185238,1155520,1199189.2227863634,976430.7876306518,100.0
2021-08-18,1276188.172764401,992851,1202176.8035874953,979407.9470240138,100.0
2021-08-19,1279376.7819818654,1067203,1205165.5833151164,982385.8929569253,100.0
2021-08-20,1281828.8465484276,1177298,1208149.6868277034,985360.8670316335,100.0
2021-08-23,1284714.9841377335,945573,1211132.3407067813,988335.8691103571,100.0
2021-08-24,1287768.9650087217,1056958,1214112.5534876303,991311.3790151654,100.0
2021-08-25,1290675.5958995111,938124,1217097.691309573,994287.8461353366,100.0
2021-08-26,1293392.2146768859,994294,1220075.6123851615,997263.3896692782,100.0
2021-08-27,1296566.0073742652,935053,1223066.0315716153,1000240.3450281824,100.0
2021-08-30,1299621.3817554344,894226,1226061.6482730669,1003217.1612089464,100.0
2021-08-31,1302427.1608413456,1034742,1229053.2260340294,1006194.1624675718,100.0
2021-09-01,1305490.1242822488,1113309,1232052.6899242192,1009170.6973452999,100.0
2021-09-02,1308654.4414246588,1029260,1235059.3822002083,1012146.5593241955,100.0
2021-09-03,1311655.4999539186,1099745,1238071.982986812,1015124.4965807627,100.0
2021-09-06,1314815.6129146048,852413,1241081.1934929008,1018102.8081434022,100.0
2021-09-07,1317831.2649496372,759252,1244090.0601286683,1021080.5210581821,100.0
2021-09-08,1320752.2191531064,1083408,1247095.0766873937,1024058.4761810048,100.0
2021-09-09,1323520.3350498264,1137576,1250096.3462644557,1027035.6691551253,100.0
2021-09-10,1326503.148896432,1009971,1253098.6858454444,1030012.9090790566,100.0
2021-09-13,1329542.0074840412,1269607,1256108.2684949404,1032990.6410868051,100.0
2021-09-14,1332717.1740363587,1181539,1259122.5218249336,1035969.5579402845,100.0
2021-09-15,1335694.1525426612,1536114,1262139.3606939,1038950.0356901017,100.0
2021-09-16,1338785.6356639054,959838,1265154.5975295943,1041929.8185239603,100.0
2021-09-17,1341592.7132611587,800230,1268161.411509767,1044907.5571272132,100.0
2021-09-20,1344436.1874299932,851972,1271159.228658454,1047885.3264655693,100.0
2021-09-21,1347414.1095701877,886900,1274153.194042187,1050864.4518389544,100.0
2021-09-22,1350203.1838773908,1095206,1277145.335527812,1053842.001518999,100.0
2021-09-23,1353367.2334448558,568386,1280145.22159273,1056820.9472348506,100.0
2021-09-24,1356459.8595107195,1263710,1283143.8935262384,1059800.2141278682,100.0
2021-09-27,1359515.6786635981,952140,1286142.2566715349,1062780.0794450673,100.0
2021-09-28,1362583.4594886412,950641,1289149.0495871347,1065759.5921276407,100.0
2021-09-29,1365987.6682009383,784131,1292162.5047498096,1068740.4311046319,100.0
2021-09-30,1368893.8953633448,977154,1295170.8263764426,1071721.5268148137,100.0
2021-10-01,1371453.6071062447,1002647,1298170.106535577,1074701.804447665,100.0
2021-10-04,1374493.4671456239,975611,1301170.924110183,1077683.864319111,100.0
2021-10-05,1377483.3464374316,1067811,1304174.7698645755,1080665.2632076368,100.0
2021-10-06,1380379.8426289295,882073,1307182.331681596,1083647.3334363776,100.0
2021-10-07,1383184.0766570577,820836,1310182.7769873822,1086628.9316516137,100.0
2021-10-08,1386096.2387526974,1109665,1313182.70199286,1089610.6869913666,100.0
2021-10-11,1389132.506438541,1019733,1316184.286218701,1092592.6762368444,100.0
2021-10-12,1392031.9430984126,1039436,1319176.9282929916,1095576.0989454277,100.0
2021-10-13,1395514.4338343213,1211805,1322176.482177573,1098561.745329094,100.0
2021-10-14,1398322.3329579947,795487,1325170.7107446229,1101545.9073173543,100.0
2021-10-15,1401163.709485453,828951,1328161.198595001,1104529.1877661652,100.0
2021-10-18,1403705.98547745,1251443,1331136.451985776,1107510.4904811077,100.0
2021-10-19,1406756.2823604543,703423,1334105.8329569814,1110491.947280299,100.0
2021-10-20,1409353.0010348943,738117,1337063.4302812296,1113470.9886265167,100.0
2021-10-21,1412245.1101082193,1163572,1340016.5408885789,1116452.2631108575,100.0
2021-10-22,1415189.9760013071,1047640,1342976.9272260747,1119431.3060123557,100.0
2021-10-25,1418048.0304081377,1021046,1345933.9797640503,1122409.2490925652,100.0
2021-10-26,1421395.8049436286,981668,1348898.5082205522,1125389.5834540345,100.0
2021-10-27,1424594.6838218917,1006253,1351866.6384417021,1128371.3031632705,100.0
2021-10-28,1427858.511197152,981577,1354836.273026008,1131353.848267605,100.0
2021-10-29,1430682.0274334422,1271088,1357813.336643708,1134335.6270570606,100.0
2021-11-01,1433907.746246345,920370,1360797.1918858804,1137320.5651250482,100.0
2021-11-02,1437006.9464356138,967725,1363781.9515144182,1140303.934701121,100.0
2021-11-03,1440161.227625349,1358889,1366771.6641489351,1143288.1862237994,100.0
2021-11-04,1443367.1153911056,1005501,1369771.1621632194,1146272.447012595,100.0
2021-11-05,1446185.3627419139,1446403,1372763.5492705724,1149256.4910879922,100.0
2021-11-08,1449100.4992177184,979004,1375753.1316198183,1152238.5744687144,100.0
2021-11-09,1452273.018419984,1273482,1378750.048771391,1155221.234101759,100.0
2021-11-10,1454741.894601389,668931,1381735.0841777737,1158200.629271876,100.0
2021-11-11,1458044.5602179037,1030728,1384722.8865536386,1161182.583023442,100.0
2021-11-12,1461155.1866307452,683105,1387712.8802871748,1164163.8787617823,100.0
2021-11-15,1464146.045838613,1168890,1390699.4889456553,1167144.4389779975,100.0
2021-11-16,1467190.1473697645,757426,1393686.6665940576,1170123.917855639,100.0
2021-11-17,1469984.1603131026,1056753,1396671.3054172576,1173102.9948855566,100.0
2021-11-18,1472914.171640185,943560,1399659.1821490647,1176082.2029992284,100.0
2021-11-19,1476134.2285078291,768359,1402651.803741293,1179060.2074805405,100.0
2021-11-22,1479393.8329022944,676128,1405648.8402496579,1182040.5699996478,100.0
2021-11-23,1482933.077712807,897791,1408653.158323187,1185023.7646925081,100.0
2021-11-24,1485918.2927795511,1348125,1411657.6411279247,1188005.7485693395,100.0
2021-11-25,1488786.5821861902,941302,1414657.6600583706,1190986.9761682367,100.0
2021-11-26,1491683.7353930022,1183444,1417659.4805010075,1193967.1065794881,100.0
2021-11-29,1494480.1270179446,988591,1420660.3592927665,1196946.6183978934,100.0
2021-11-30,1497464.5560667564,1175345,1423661.3682226976,1199925.6823056547,100.0
2021-12-01,1500541.1025527588,634617,1426668.126596205,1202906.435472698,100.0
2021-12-02,1503534.2540966524,919362,1429671.467009241,1205885.4962667811,100.0
2021-12-03,1506753.5234657854,1189881,1432677.3402883422,1208865.771571755,100.0
2021-12-06,1509706.6803055166,967349,1435681.1603211805,1211846.4928391317,100.0
2021-12-07,1512637.1901750169,982708,1438682.234934908,1214826.2002727736,100.0
2021-12-08,1515520.9364796448,913907,1441672.9003004823,1217805.7871577262,100.0
2021-12-09,1518194.4095743978,1229875,1444658.910584703,1220785.075666624,100.0
2021-12-10,1520880.856029536,1059502,1447647.4555631692,1223764.1431253033,100.0
2021-12-13,1523645.0244434085,1008804,1450630.486709125,1226741.337652899,100.0
2021-12-14,1526905.3100577414,1128610,1453618.925981531,1229719.9931820047,100.0
2021-12-15,1530084.3621123193,1117644,1456613.016371199,1232699.677672943,100.0
2021-12-16,1533359.354925598,1042517,1459616.5219365696,1235679.6593841417,100.0
2021-12-17,1536092.912594679,1309406,1462616.4554134095,1238659.4357094944,100.0
2021-12-20,1538699.1876567218,987942,1465607.7890377727,1241637.9740879105,100.0
2021-12-21,1541567.176392695,1055616,1468598.4937036582,1244616.2372898154,100.0
2021-12-22,1544602.3401833542,871409,1471580.2518306393,1247594.5819590844,100.0
2021-12-23,1547702.0782383361,1030023,1474567.846736246,1250573.4674900796,100.0
2021-12-24,1550911.6726695297,1317552,1477562.8059999275,1253553.6878804232,100.0
2021-12-27,1553968.5286036911,871348,1480568.0568624523,1256534.2541768393,100.0
2021-12-28,1557317.0623598222,773281,1483579.2724624397,1259516.6704473128,100.0
2021-12-29,1560272.5412236326,1199351,1486597.6632662145,1262499.5837164936,100.0
2021-12-30,1563089.9253800244,970246,1489614.5595716506,1265482.396899445,100.0
2021-12-31,1565753.6817369254,1019200,1492625.8336863632,1268463.2543478233,100.0
2022-01-03,1568575.8874653063,990977,1495636.390827506,1271444.1137399266,100.0
2022-01-04,1571624.3110575033,1015824,1498640.960949784,1274426.37260525,100.0
2022-01-05,1574446.5670060327,1170106,1501637.9986134665,1277408.055042567,100.0
2022-01-06,1577633.9154987398,832175,1504633.5066994983,1280390.8318893637,100.0
2022-01-07,1580916.3810399473,797645,1507638.1937716284,1283372.764340369,100.0
2022-01-10,1583442.4636589019,1016993,1510628.8881198796,1286353.0319047456,100.0
2022-01-11,1586615.2741190013,678712,1513621.0546735474,1289333.2202606972,100.0
2022-01-12,1589167.353307269,725389,1516601.177187186,1292310.421824256,100.0
2022-01-13,1592247.6531182872,1373336,1519578.7879417294,1295289.2138318252,100.0
2022-01-14,1595492.627231126,1151493,1522564.9332315135,1298268.4574569808,100.0
2022-01-17,1598505.5984523946,997988,1525553.0352162072,1301248.9498188833,100.0
2022-01-18,1601249.6606177539,1247601,1528532.5680601627,1304230.8216638507,100.0
2022-01-19,1604132.5743768984,791880,1531520.3816556728,1307211.5017580893,100.0
2022-01-20,1607080.2452877562,936879,1534501.0953570697,1310193.6760974657,100.0
2022-01-21,1610043.7963309982,1124690,1537478.8675510748,1313175.2172575963,100.0
2022-01-24,1613003.2169628448,1178134,1540456.0109735597,1316157.239531784,100.0
2022-01-25,1615981.240406983,1102583,1543431.832834304,1319137.4923723964,100.0
2022-01-26,1619023.9364167652,491752,1546412.6283563771,1322116.890183658,100.0
2022-01-27,1621782.2216860186,806383,1549389.9893572938,1325095.53280707,100.0
2022-01-28,1624733.8177200446,1095413,1552361.9811415381,1328074.621248263,100.0
2022-01-31,1628037.4699541158,928809,1555334.8538825745,1331056.4420280296,100.0
2022-02-01,1630960.5408694872,1508046,1558295.4031457081,1334038.3190850052,100.0
2022-02-02,1633871.7736508562,1185311,1561254.4727631342,1337020.0326613828,100.0
2022-02-03,1637087.4131115992,1111616,1564220.4893816423,1340003.1891286087,100.0
2022-02-04,1639575.5761783302,776610,1567178.3261973488,1342983.629707313,100.0
2022-02-07,1642811.8518985878,992940,1570144.960694962,1345964.6731431207,100.0
2022-02-08,1645685.4711469868,1048240,1573109.3789965666,1348944.7350207134,100.0
2022-02-09,1648718.2568614774,1225556,1576072.922082741,1351925.7249708024,100.0
2022-02-10,1651737.5211326617,1176226,1579036.9874234612,1354908.2490337214,100.0
2022-02-11,1654926.0147565058,1206597,1582000.4372492754,1357890.3510329116,100.0
2022-02-14,1657872.4958072589,815217,1584963.7535593105,1360872.8748865395,100.0
2022-02-15,1660736.890650946,1282430,1587925.7475688288,1363855.3730079862,100.0
2022-02-16,1663996.4598090763,723913,1590895.2580354174,1366839.690164536,100.0
2022-02-17,1666523.625045648,892817,1593861.8423448426,1369823.4862168184,100.0
2022-02-18,1669527.6918819891,1086154,1596834.7790618918,1372807.7805772868,100.0
2022-02-21,1672258.1067974633,970021,1599807.0407089726,1375791.2066681467,100.0
2022-02-22,1675105.792119812,798792,1602771.0503502144,1378773.2508273197,100.0
2022-02-23,1678508.0434561046,835690,1605739.52397709,1381756.6077860252,100.0
2022-02-24,1681499.1243708134,690349,1608702.3193659943,1384739.9163784152,100.0
2022-02-25,1684538.1383102436,1106394,1611671.2238803052,1387722.4881921283,100.0
2022-02-28,1687181.8257391024,1252113,1614640.876641953,1390702.9384780016,100.0
2022-03-01,1690036.0168073436,979921,1617610.253450246,1393682.6754013277,100.0
2022-03-02,1693075.3282874892,919930,1620579.7132123285,1396662.4479538864,100.0
2022-03-03,1696146.2798261119,705535,1623548.597244084,1399642.765917632,100.0
2022-03-04,1699269.6571369905,1182640,1626515.7569334335,1402624.0956174461,100.0
2022-03-07,1702271.382716774,1442260,1629481.8140156951,1405605.7016786954,100.0
2022-03-08,1705376.7835584648,640508,1632443.0084396678,1408588.962755485,100.0
2022-03-09,1708467.539940992,787313,1635406.908414015,1411572.397172482,100.0
2022-03-10,1711101.591858791,864081,1638367.1417435906,1414554.9949726788,100.0
2022-03-11,1714108.993003173,887136,1641334.2479689154,1417536.7881473335,100.0
2022-03-14,1717262.5734847195,1045469,1644307.9816893039,1420519.598682976,100.0
2022-03-15,1720380.5494488664,1322849,1647283.106457131,1423502.9496034577,100.0
2022-03-16,1723307.7776868723,1201719,1650260.3306707474,1426485.442828353,100.0
2022-03-17,1726146.6523853645,1105519,1653230.5854084801,1429466.487112276,100.0
2022-03-18,1728922.9900005,855214,1656190.7175876913,1432447.9837076827,100.0
2022-03-21,1731896.7791981918,776074,1659159.8038984772,1435429.5561527545,100.0
2022-03-22,1735123.3951741038,840644,1662129.9663195792,1438411.381498794,100.0
2022-03-23,1737733.0343538076,1309613,1665101.2799405097,1441392.953146551,100.0
2022-03-24,1740601.0560078616,987651,1668068.3479983015,1444373.4776221027,100.0
2022-03-25,1743373.0955167762,910632,1671025.9573640143,1447355.1178594287,100.0
2022-03-28,1746530.0870210242,963248,1673986.4471353868,1450338.56556112,100.0
2022-03-29,1749419.22509571,1164923,1676949.8384249462,1453321.4203226322,100.0
2022-03-30,1752325.097564079,737430,1679913.6888886895,1456305.4611615888,100.0
2022-03-31,1755281.7076500917,1282974,1682877.7181359367,1459290.270561713,100.0
2022-04-01,1758370.7863002706,1031295,1685844.257935322,1462276.9971900962,100.0
2022-04-04,1761292.3085006406,956731,1688810.0397660777,1465261.6832945484,100.0
2022-04-05,1763683.0798896805,1088569,1691764.0765557317,1468243.1590281904,100.0
2022-04-06,1766791.742267958,1043679,1694719.4326727553,1471224.610783446,100.0
2022-04-07,1769879.5508594923,931160,1697681.379256225,1474206.72425676,100.0
2022-04-08,1772835.642653826,949457,1700643.4157549005,1477188.9716207942,100.0
2022-04-11,1775618.8353296916,826227,1703595.0430624122,1480171.751422396,100.0
2022-04-12,1778689.191351828,1131278,1706549.616072059,1483155.174841472,100.0
2022-04-13,1781765.038458535,893601,1709507.4813682125,1486139.738988293,100.0
2022-04-14,1784671.0318819948,808748,1712459.1537436205,1489122.975178307,100.0
2022-04-15,1787627.6855878797,1033172,1715420.1959318116,1492104.8535349837,100.0
2022-04-18,1790441.6542873748,1265828,1718372.7919795872,1495084.3351564421,100.0
2022-04-19,1793405.9364689575,990331,1721327.2012860265,1498062.7856368693,100.0
2022-04-20,1796095.8505999409,878379,1724274.753160796,1501040.2843418885,100.0
2022-04-21,1799179.3143641471,1080779,1727223.5890254257,1504019.3162627143,100.0
2022-04-22,1801990.4406659822,1387342,1730164.8775436152,1506996.637151868,100.0
2022-04-25,1805038.0612955487,709618,1733108.188853381,1509973.8398513517,100.0
2022-04-26,1807756.868712295,1076440,1736048.588414608,1512951.4051263698,100.0
2022-04-27,1810638.8571831211,1041017,1738981.4363620887,1515928.0248619497,100.0
2022-04-28,1813616.7593021079,1232306,1741923.299047218,1518903.7195883014,100.0
2022-04-29,1816284.619339734,1198181,1744858.4375963726,1521877.6946892524,100.0
2022-05-02,1819307.648914362,962658,1747799.428438711,1524851.9699917478,100.0
2022-05-03,1822231.8194017862,663096,1750741.9489843503,1527826.6737951678,100.0
2022-05-04,1824883.3481622243,1161312,1753669.4550784724,1530801.0817770895,100.0
2022-05-05,1827622.699611402,832961,1756591.9265832845,1533773.3862183075,100.0
2022-05-06,1830743.7236282183,810651,1759516.0382896438,1536746.6048940546,100.0
2022-05-09,1833922.8348253286,1229670,1762450.8584713684,1539720.9525924488,100.0
2022-05-10,1836896.4530973725,817829,1765388.0671971692,1542693.435661016,100.0
2022-05-11,1839977.4054597807,1280568,1768326.108740615,1545665.638990289,100.0
2022-05-12,1843022.1741724433,1067168,1771263.6266275414,1548637.6953381235,100.0
2022-05-13,1846088.098768869,1063823,1774199.9954601792,1551609.9392471353,100.0
2022-05-16,1849345.295570285,1061452,1777141.4737172492,1554581.9491452933,100.0
2022-05-17,1852043.8958906422,672315,1780074.815963893,1557550.7324557453,100.0
2022-05-18,1855179.1880371145,644722,1783009.0489258152,1560519.2627218186,100.0
2022-05-19,1858102.786245999,1043110,1785949.0728135596,1563486.828754345,100.0
2022-05-20,1861057.9344591487,1113601,1788888.051642679,1566456.265131008,100.0
2022-05-23,1863997.4845130576,1016522,1791822.7498632458,1569425.2755360266,100.0
2022-05-24,1866922.4550897253,835693,1794753.587976063,1572394.0409008826,100.0
2022-05-25,1869677.2158513686,1003784,1797680.976739353,1575361.486116317,100.0
2022-05-26,1872713.88369122,983593,1800612.32136547,1578328.171624864,100.0
2022-05-27,1876048.0722977777,808568,1803554.8230114155,1581299.2677536106,100.0
2022-05-30,1879036.845693688,1202794,1806497.6243413254,1584270.8770613906,100.0
2022-05-31,1882036.568685141,653944,1809435.887811546,1587242.2150797728,100.0
2022-06-01,1884899.1088777096,1117748,1812379.2093020242,1590213.3326446638,100.0
2022-06-02,1887875.613968426,1076864,1815324.7004612354,1593185.7496411214,100.0
2022-06-03,1890968.8472536327,1201942,1818276.6154959726,1596157.763840518,100.0
2022-06-06,1893894.798765492,798937,1821223.9097308621,1599129.1309255688,100.0
2022-06-07,1896804.0379572816,1020281,1824171.6059880934,1602101.0153111483,100.0
2022-06-08,1899884.6908653143,1434232,1827122.797854118,1605072.9881440636,100.0
2022-06-09,1902701.0899113505,1132414,1830071.1854993433,1608043.221386497,100.0
2022-06-10,1905751.5892367659,1020116,1833018.8015580731,1611013.701832911,100.0
2022-06-13,1908915.6535962182,1107832,1835971.268459985,1613984.202036319,100.0
2022-06-14,1912187.643304554,1017235,1838941.3597282823,1616955.983928094,100.0
2022-06-15,1915169.5669030987,1438179,1841908.9162209854,1619928.070666844,100.0
2022-06-16,1918443.08635106,1196727,1844880.1869308164,1622902.68442335,100.0
2022-06-17,1921649.9683283563,982877,1847856.4734443072,1625878.4185205095,100.0
2022-06-20,1924450.725800282,1050466,1850833.1112537188,1628852.9621120908,100.0
2022-06-21,1927207.1380979635,921840,1853803.4701886415,1631825.4119323986,100.0
2022-06-22,1930146.1453703926,1241970,1856771.0923268788,1634797.6718965375,100.0
2022-06-23,1933351.9324689116,718779,1859744.710338617,1637770.5033805624,100.0
2022-06-24,1936337.4750673997,679052,1862718.9061282075,1640744.227189594,100.0
2022-06-27,1939217.3435558681,1291742,1865694.4199135774,1643718.1329702232,100.0
2022-06-28,1942527.792191878,1430623,1868676.857028036,1646693.7013833318,100.0
2022-06-29,1945585.1730894786,1093660,1871666.6434778264,1649670.6113293918,100.0
2022-06-30,1948121.0542343205,1022547,1874645.47827523,1652644.3804333392,100.0
2022-07-01,1951184.486359579,1131453,1877629.359189102,1655618.0035675836,100.0
2022-07-04,1954288.4944824933,870589,1880614.3678528408,1658591.8676466784,100.0
2022-07-05,1957333.6162133876,1034248,1883605.9028028625,1661565.6184303018,100.0
2022-07-06,1960423.558633434,1007781,1886601.5968318689,1664537.7978824645,100.0
2022-07-07,1963410.1035116492,1125312,1889597.46371606,1667510.3789232061,100.0
2022-07-08,1966146.4243377203,688400,1892594.6998160195,1670483.8430093632,100.0
2022-07-11,1969072.283537076,898593,1895589.9925084738,1673456.7370913206,100.0
2022-07-12,1971883.1603779648,1168999,1898583.0193279972,1676428.7361610231,100.0
2022-07-13,1974696.6121958059,864881,1901579.2846086689,1679400.3200088576,100.0
2022-07-14,1977443.9985259855,801327,1904575.7105869607,1682371.619618202,100.0
2022-07-15,1980534.4963445135,1408414,1907571.5260412865,1685343.810906161,100.0
2022-07-18,1983554.075573596,1007623,1910564.1508562518,1688315.9187518365,100.0
2022-07-19,1986464.4425010597,884216,1913555.5106443255,1691288.0812488499,100.0
2022-07-20,1989334.5749155136,661525,1916542.6540334404,1694257.181954256,100.0
2022-07-21,1992329.8902945092,1145869,1919528.8083558816,1697227.2197409382,100.0
2022-07-22,1995545.7292401318,1139827,1922517.9609653067,1700199.1298397118,100.0
2022-07-25,1998144.886097032,940248,1925493.9527758416,1703171.3243428096,100.0
2022-07-26,2001220.2614012023,779553,1928477.480086053,1706143.6442380133,100.0
2022-07-27,2004111.1190063988,995090,1931456.1187054387,1709117.434827871,100.0
2022-07-28,2006734.201837403,832828,1934428.7470172667,1712089.8802865169,100.0
2022-07-29,2009345.0612207702,811581,1937394.489552499,1715060.6557126143,100.0
2022-08-01,2012162.5045219432,979357,1940357.789952677,1718031.228083183,100.0
2022-08-02,2015206.4064331017,789721,1943323.4689795442,1721000.2810906302,100.0
2022-08-03,2018285.0190198978,1049329,1946295.625042915,1723968.7327666206,100.0
2022-08-04,2021097.2227053621,1121598,1949263.2918231979,1726934.9263241617,100.0
2022-08-05,2024300.6269036448,832073,1952228.342915315,1729903.0193215127,100.0
2022-08-08,2027585.223602948,726350,1955199.3104735003,1732871.4067082957,100.0
2022-08-09,2030664.4409199394,1312255,1958171.8679181964,1735839.6941807172,100.0
2022-08-10,2033546.1603863777,811945,1961144.8089483697,1738806.6188445226,100.0
2022-08-11,2036771.0442232797,868011,1964122.7175534668,1741773.6384886832,100.0
2022-08-12,2039922.1233624124,1042603,1967101.7830756425,1744742.3222917859,100.0
2022-08-15,2043095.6048446833,1119873,1970085.799197226,1747712.2978199206,100.0
2022-08-16,2045964.312109689,948736,1973069.0046802745,1750680.754288369,100.0
2022-08-17,2048397.401208634,1092158,1976039.2588871408,1753649.0318214053,100.0
2022-08-18,2051820.7594129308,919802,1979021.6522771725,1756617.9128173806,100.0
2022-08-19,2054498.5837322408,805765,1981996.5921670818,1759584.6298028878,100.0
2022-08-22,2057491.4301178688,1285263,1984968.1076975148,1762551.3567242844,100.0
2022-08-23,2060967.5791881129,1497688,1987943.706415186,1765520.243883376,100.0
2022-08-24,2064033.6945393677,1339193,1990920.9889679113,1768490.4915545073,100.0
2022-08-25,2067223.5438340793,1028361,1993896.5981175718,1771462.038415477,100.0
2022-08-26,2069923.064520203,1366687,1996862.0600414088,1774430.9825955385,100.0
2022-08-29,2072567.5311292564,1071140,1999824.3961479885,1777396.8510866733,100.0
2022-08-30,2075460.9905708604,904542,2002789.4731974462,1780359.4906509637,100.0
2022-08-31,2078679.1405177473,1093275,2005760.1331003932,1783323.2948896545,100.0
2022-09-01,2081609.8906282177,981121,2008725.2922635793,1786287.4114318648,100.0
2022-09-02,2084450.9633640035,803376,2011687.5620295114,1789251.2475717198,100.0
2022-09-05,2087490.5568219924,820335,2014653.0262948337,1792216.29972074,100.0
2022-09-06,2090706.9438656878,1160410,2017616.6093283102,1795182.5116597349,100.0
2022-09-07,2093417.9558258732,630693,2020573.264983038,1798146.8959261002,100.0
2022-09-08,2096175.8472270486,1120827,2023534.3608428924,1801110.1038917524,100.0
2022-09-09,2099018.1133761466,674083,2026491.033383224,1804071.426841304,100.0
2022-09-12,2102237.0410510893,575764,2029450.0043145958,1807034.0786450321,100.0
2022-09-13,2105284.005356279,632230,2032409.0120974537,1809997.3127209381,100.0
2022-09-14,2108710.436038393,1393352,2035374.7496455528,1812963.260218732,100.0
2022-09-15,2111897.725183559,960753,2038344.502078991,1815931.7767967777,100.0
2022-09-16,2114890.7061481853,1017316,2041319.3877152004,1818901.8260473714,100.0
2022-09-19,2118143.7217158033,1283851,2044300.8164787749,1821874.3195337332,100.0
2022-09-20,2121186.02111835,1186835,2047286.8736935826,1824845.723089036,100.0
2022-09-21,2124045.0368478484,721698,2050273.8421866235,1827815.5264627137,100.0
2022-09-22,2127181.0318166977,1173801,2053268.5828524374,1830784.6348471693,100.0
2022-09-23,2130041.7664859253,1036836,2056258.7282552659,1833754.3791166253,100.0
2022-09-26,2132983.6870657643,931664,2059247.3204851095,1836725.8016136705,100.0
2022-09-27,2136249.2436049557,1004858,2062243.0165071872,1839699.211949732,100.0
2022-09-28,2139228.9873077124,1255962,2065240.9047550312,1842672.3451853537,100.0
2022-09-29,2142068.359030244,822806,2068235.674129746,1845644.1765893134,100.0
2022-09-30,2144975.4914919566,1080177,2071224.2693747825,1848614.4956834256,100.0
2022-10-03,2148179.849609074,998068,2074224.9686450232,1851585.5522884524,100.0
2022-10-04,2151069.341474391,640567,2077221.950246487,1854554.313684025,100.0
2022-10-05,2153991.967305021,839549,2080219.5672124594,1857522.910814432,100.0
2022-10-06,2156889.9087570943,1038642,2083222.681350853,1860491.9107313175,100.0
2022-10-07,2159926.6938559623,1259468,2086234.3140035572,1863462.7757919126,100.0
2022-10-10,2162849.595903887,1200266,2089248.055831196,1866434.1443341055,100.0
2022-10-11,2165529.2286940925,1119442,2092254.5122764157,1869403.6689222883,100.0
2022-10-12,2168351.7925057234,836944,2095255.8477461324,1872373.195049787,100.0
2022-10-13,2171165.234697422,1360242,2098257.2079859735,1875340.8516457803,100.0
2022-10-14,2174413.898574313,1043048,2101259.473419387,1878308.3392334525,100.0
2022-10-17,2177576.433382735,798726,2104259.297614983,1881279.0090820713,100.0
2022-10-18,2180693.885258615,963419,2107259.8865017565,1884249.4021377694,100.0
2022-10-19,2183592.8135951622,1179249,2110260.819565932,1887221.5294392088,100.0
2022-10-20,2186429.6552867633,1001523,2113253.9917872013,1890192.4394500514,100.0
2022-10-21,2189328.151766432,1177372,2116242.1123552816,1893161.617072728,100.0
2022-10-24,2192117.775745922,1220738,2119222.5557733066,1896129.6779591953,100.0
2022-10-25,2195617.215824239,1080106,2122215.6138475975,1899101.515735228,100.0
2022-10-26,2198168.1514945645,828459,2125211.0288533163,1902071.693620816,100.0
2022-10-27,2201280.9532015794,1027090,2128200.2327290894,1905042.6971603855,100.0
2022-10-28,2204024.042741981,1009033,2131190.741909284,1908012.5983924405,100.0
2022-10-31,2207003.174043682,1371869,2134180.9767878,1910982.5981778442,100.0
2022-11-01,2209805.573655183,674735,2137157.736677142,1913951.7198440852,100.0
2022-11-02,2212570.047862686,973035,2140128.463743608,1916919.450401315,100.0
2022-11-03,2215342.008602499,883181,2143090.8330389764,1919887.2493358976,100.0
2022-11-04,2218693.005833247,1067021,2146066.2318652375,1922857.0452764637,100.0
2022-11-07,2221666.408148785,512487,2149048.209405628,1925825.1899674367,100.0
2022-11-08,2224513.2677098894,1222984,2152029.254948409,1928792.953601639,100.0
2022-11-09,2227624.425102706,1002749,2155008.1606401075,1931761.716858898,100.0
2022-11-10,2230626.4949656194,631059,2157988.492726856,1934729.4122681683,100.0
2022-11-11,2233770.501717488,927777,2160974.8834939254,1937700.386895864,100.0
2022-11-14,2236405.6503863004,1121792,2163953.1853652117,1940668.3558883027,100.0
2022-11-15,2239466.3711671927,681710,2166928.3739112415,1943637.2603884034,100.0
2022-11-16,2242620.910134613,1000644,2169912.4329974167,1946606.7736547694,100.0
2022-11-17,2245288.59047639,788505,2172894.687862403,1949574.529001488,100.0
2022-11-18,2248378.2295332747,888802,2175881.890185546,1952541.7900753715,100.0
2022-11-21,2251717.46584784,1005347,2178871.498681481,1955511.0149255747,100.0
2022-11-22,2254714.494307169,1036690,2181860.108460499,1958480.9029438559,100.0
2022-11-23,2257878.775494574,905851,2184843.4752496225,1961450.3145222832,100.0
2022-11-24,2261012.8895846363,1054559,2187825.778537644,1964422.7608449785,100.0
2022-11-25,2263871.3884451343,1163595,2190805.3921835828,1967394.479327794,100.0
2022-11-28,2266879.3417920517,944217,2193780.104585108,1970367.585502767,100.0
2022-11-29,2269565.942849879,1286313,2196747.703019738,1973339.8862564173,100.0
2022-11-30,2272475.6822424587,1292442,2199716.3159276308,1976309.7244503489,100.0
2022-12-01,2275528.819837452,914259,2202683.271688046,1979279.872927682,100.0
2022-12-02,2278673.4399361997,872431,2205655.905157051,1982250.549435812,100.0
2022-12-05,2281678.362361249,667165,2208629.798662961,1985223.0321189226,100.0
2022-12-06,2284822.359107278,974686,2211601.2609730074,1988196.9638304224,100.0
2022-12-07,2287601.7778646867,927312,2214568.7167841466,1991169.5960783085,100.0
2022-12-08,2290581.4384097755,1155810,2217538.9783717375,1994141.7718712264,100.0
2022-12-09,2293585.294286678,698067,2220511.174427632,1997113.350056975,100.0
2022-12-12,2296955.212536014,944521,2223486.681686171,2000086.7692060713,100.0
2022-12-13,2299912.3792047743,1193748,2226463.542440778,2003059.4471843028,100.0
2022-12-14,2302812.5758771757,853928,2229439.9546122216,2006031.1723639837,100.0
2022-12-15,2305816.8461219445,847527,2232418.4933595187,2009004.7486352995,100.0
2022-12-16,2308633.0234329705,710611,2235392.6199510586,2011977.3687874484,100.0
2022-12-19,2311671.5742027834,1524114,2238369.059517036,2014949.4137910388,100.0
2022-12-20,2314598.563159474,850505,2241350.4462063443,2017920.5038595917,100.0
2022-12-21,2317240.297649866,739930,2244328.216309227,2020890.1664594067,100.0
2022-12-22,2320228.580339639,839229,2247309.483222071,2023860.5760991783,100.0
2022-12-23,2323165.071720853,845140,2250284.5066850022,2026831.78650778,100.0
2022-12-26,2325838.5870604394,946122,2253249.749758556,2029801.4955470914,100.0
2022-12-27,2328825.1602295167,1165074,2256212.3752579745,2032770.004372368,100.0
2022-12-28,2332123.0314219315,940335,2259182.9796145097,2035741.9543577088,100.0
2022-12-29,2335227.292171587,815435,2262158.932352206,2038715.0855385275,100.0
2022-12-30,2338349.677610133,709732,2265139.36286908,2041689.9684489944,100.0
2023-01-02,2341081.3782650162,1004371,2268118.634919462,2044662.7249052143,100.0
2023-01-03,2344176.757938801,1008507,2271089.825761753,2047636.5125694298,100.0
2023-01-04,2347206.4478550768,1306186,2274070.5916889636,2050610.9193208846,100.0
2023-01-05,2350312.2569027436,1018489,2277051.2177629867,2053586.072067148,100.0
2023-01-06,2353396.782627085,980198,2280038.672560689,2056561.202048782,100.0
2023-01-09,2356124.8264819845,789869,2283021.1056094547,2059535.3646386885,100.0
2023-01-10,2359116.546319673,938809,2286007.325062745,2062512.5319708386,100.0
2023-01-11,2361964.9721475877,912305,2288995.2235484426,2065488.3981202366,100.0
2023-01-12,2364954.955328731,925967,2291987.4824829674,2068463.775142583,100.0
2023-01-13,2367775.4751433507,808148,2294969.1318691694,2071438.4743050307,100.0
2023-01-16,2371037.969216779,1107665,2297956.5630905293,2074415.5699744662,100.0
2023-01-17,2373866.17473909,971510,2300943.621231113,2077391.4548914025,100.0
2023-01-18,2376686.3863077965,959929,2303924.8604552154,2080366.0616306486,100.0
2023-01-19,2379701.303589105,657190,2306906.356627685,2083341.2129891843,100.0
2023-01-20,2382485.8837752244,1098728,2309880.6642688396,2086315.5039801206,100.0
2023-01-23,2385400.951114738,1097403,2312860.5702834083,2089290.3004642578,100.0
2023-01-24,2388234.9581952305,832174,2315835.942023969,2092264.4455728892,100.0
2023-01-25,2391517.192608008,1198024,2318813.867673437,2095241.5522829294,100.0
2023-01-26,2394674.3533733743,727048,2321801.5829313765,2098219.027477976,100.0
2023-01-27,2397662.859469681,995626,2324787.2755301045,2101197.389571994,100.0
2023-01-30,2400584.6160592465,945758,2327764.618534333,2104175.1223458126,100.0
2023-01-31,2403772.7995821615,736565,2330745.7846398326,2107155.202000162,100.0
2023-02-01,2406853.840398226,1037940,2333725.285937906,2110136.2769162375,100.0
2023-02-02,2409953.4508791626,1340514,2336704.0971637964,2113117.960374123,100.0
2023-02-03,2412948.212431694,1013526,2339685.6336435275,2116101.2783395825,100.0
2023-02-06,2415610.56642614,907395,2342660.258136209,2119082.7929271413,100.0
2023-02-07,2418588.0732296277,1089404,2345640.700743804,2122064.5741962804,100.0
2023-02-08,2421481.575245786,1021143,2348620.818603871,2125047.5653316984,100.0
2023-02-09,2424610.586300478,1005552,2351602.4539331314,2128032.504765144,100.0
2023-02-10,2427812.954787077,914891,2354585.2442301493,2131017.8509209384,100.0
2023-02-13,2430681.3645781246,1284395,2357565.3042744864,2134001.6435697023,100.0
2023-02-14,2433775.04162498,1091272,2360544.3579248404,2136986.0365123404,100.0
2023-02-15,2437122.217424517,894265,2363534.766716037,2139971.760572164,100.0
2023-02-16,2439988.674880403,978399,2366522.9114454496,2142956.593075704,100.0
2023-02-17,2443325.059228418,851826,2369517.7067442844,2145942.7778780013,100.0
2023-02-20,2446154.542058984,878341,2372501.693334744,2148926.8241104446,100.0
2023-02-21,2449159.1340101054,871854,2375486.6284308503,2151912.400301042,100.0
2023-02-22,2452156.9048877372,773137,2378473.515011062,2154897.288885295,100.0
2023-02-23,2455159.204667711,1155455,2381460.362181977,2157882.570977404,100.0
2023-02-24,2457991.6690593297,941791,2384447.5350945042,2160867.2396504045,100.0
2023-02-27,2460873.4324385766,1110825,2387431.57225922,2163851.6193900323,100.0
2023-02-28,2463739.8883813047,865974,2390414.3987636566,2166835.70655649,100.0
2023-03-01,2466805.2809003857,987927,2393405.6984286667,2169821.3468817356,100.0
2023-03-02,2469871.2879232876,857791,2396398.55258034,2172807.1339028957,100.0
2023-03-03,2473316.476789635,1143933,2399401.5806817156,2175793.4759253548,100.0
2023-03-06,2476590.6745908936,950316,2402416.6224323246,2178781.245069841,100.0
2023-03-07,2479488.705942466,853825,2405429.8933465835,2181768.5057561276,100.0
2023-03-08,2482553.679865625,671659,2408438.5063154576,2184756.778611067,100.0
2023-03-09,2485753.1034617834,1055133,2411449.0225412617,2187746.1660585343,100.0
2023-03-10,2488759.223826651,858322,2414457.213465592,2190735.117941399,100.0
2023-03-13,2491745.2955109617,996844,2417470.491810511,2193724.370425126,100.0
2023-03-14,2494755.6104995157,901653,2420482.068861725,2196714.1282878374,100.0
2023-03-15,2497929.0658252775,1190837,2423496.521221129,2199704.3501626374,100.0
2023-03-16,2500759.4017207166,1108828,2426505.4641174884,2202694.6417216845,100.0
2023-03-17,2503694.2678269525,1089442,2429511.413821486,2205684.355114635,100.0
2023-03-20,2506788.354455922,876775,2432524.684380965,2208673.718618934,100.0
2023-03-21,2509850.6438702326,1093258,2435539.366331976,2211662.033621762,100.0
2023-03-22,2512898.560422204,1342966,2438558.038097468,2214650.6785893575,100.0
2023-03-23,2515824.600188943,833562,2441575.4309946727,2217637.586158547,100.0
2023-03-24,2519019.1073467718,1034467,2444600.303638741,2220624.431853639,100.0
2023-03-27,2522445.880996213,670156,2447628.4618743295,2223614.4076296184,100.0
2023-03-28,2525527.164094948,1279712,2450661.6816614466,2226606.0077596037,100.0
2023-03-29,2528488.528754638,920417,2453697.724510384,2229597.719676525,100.0
2023-03-30,2531639.676812417,1156515,2456736.4919748497,2232589.1583982427,100.0
2023-03-31,2534531.8502850663,655354,2459777.4113050466,2235580.1302743307,100.0
2023-04-03,2537381.9122161255,1359507,2462817.0305270744,2238570.953117632,100.0
2023-04-04,2540388.473965648,928625,2465860.100842483,2241560.256526501,100.0
2023-04-05,2542871.9146390543,1109131,2468887.1952831037,2244546.690234249,100.0
2023-04-06,2545641.124566324,1030163,2471906.5307069626,2247534.290585909,100.0
2023-04-07,2548571.5321951397,948905,2474924.704161472,2250521.2258150866,100.0
2023-04-10,2551300.85442351,1337158,2477939.028928757,2253506.2876147917,100.0
2023-04-11,2554094.3258031313,670390,2480945.4594531767,2256490.0911627403,100.0
2023-04-12,2557006.97613564,1059742,2483948.522167925,2259473.0082502514,100.0
2023-04-13,2559678.3830769337,1182129,2486943.02081188,2262454.349648078,100.0
2023-04-14,2562597.168717682,994028,2489935.9999376,2265436.603369978,100.0
2023-04-17,2565490.1146847755,976365,2492933.5909027727,2268418.692525716,100.0
2023-04-18,2568495.1957264524,971462,2495931.733352709,2271401.7527024583,100.0
2023-04-19,2571726.0325325513,754472,2498936.6224984443,2274386.8998041423,100.0
2023-04-20,2574760.53341585,1007625,2501939.621440752,2277373.4824785916,100.0
2023-04-21,2577764.745820118,1102543,2504938.6572614126,2280359.6337259696,100.0
2023-04-24,2580784.6367115243,1013719,2507940.722704081,2283345.7865316593,100.0
2023-04-25,2583830.1152665485,945544,2510941.824176912,2286332.6148954867,100.0
2023-04-26,2586626.7675368264,902054,2513931.915179158,2289319.0758585935,100.0
2023-04-27,2589603.812471872,944140,2516924.217930988,2292305.44546948,100.0
2023-04-28,2592665.5627202396,1251548,2519911.028000824,2295291.044636881,100.0
2023-05-01,2595391.410723731,582673,2522895.765374119,2298277.2772600143,100.0
2023-05-02,2598564.541308294,1008014,2525883.8735200823,2301263.9986595497,100.0
2023-05-03,2601780.816515186,934449,2528876.351752632,2304252.3471470936,100.0
2023-05-04,2604654.541317496,1291161,2531866.2584856274,2307241.948844494,100.0
2023-05-05,2607606.2737592054,1011098,2534858.5505796247,2310233.254907186,100.0
2023-05-08,2610430.6356906435,1296985,2537849.6946446663,2313224.59556303,100.0
2023-05-09,2613570.511787361,575221,2540846.3071127874,2316216.416089801,100.0
2023-05-10,2616358.2673298717,1091916,2543837.366841377,2319206.782331351,100.0
2023-05-11,2619313.771927823,1056011,2546826.216521468,2322197.865077463,100.0
2023-05-12,2622141.987946261,1278106,2549802.7267446,2325187.0718826763,100.0
2023-05-15,2625152.178801663,671730,2552773.956828816,2328174.90665867,100.0
2023-05-16,2627793.3329473655,968992,2555740.0493689138,2331160.551118807,100.0
2023-05-17,2631058.6252758387,1013212,2558710.148277118,2334148.113443254,100.0
2023-05-18,2633865.7039909973,900840,2561672.400287702,2337133.586742093,100.0
2023-05-19,2636877.6829276206,1243315,2564634.7694697217,2340118.364539919,100.0
2023-05-22,2639835.1783186668,932263,2567596.567125876,2343102.0624072887,100.0
2023-05-23,2642682.7554162825,1406952,2570555.110024211,2346085.654623822,100.0
2023-05-24,2645505.1993889553,1210835,2573506.6326954844,2349071.193614723,100.0
2023-05-25,2648692.4790976658,1190166,2576465.2942430233,2352055.552213147,100.0
2023-05-26,2651587.3509790455,1111859,2579423.155906066,2355040.9960493813,100.0
2023-05-29,2654641.585015973,787260,2582380.2205172665,2358026.7468238715,100.0
2023-05-30,2657481.2856388944,913780,2585332.83335264,2361009.3153561256,100.0
2023-05-31,2660351.849352525,1114550,2588281.8991312464,2363990.9061301914,100.0
2023-06-01,2663446.298782543,1135511,2591234.3331031185,2366972.0199049334,100.0
2023-06-02,2666632.380481765,1261436,2594186.5985658183,2369955.5664847414,100.0
2023-06-05,2669597.3172012996,906511,2597129.6272899196,2372940.7154151015,100.0
2023-06-06,2672312.9332269714,827969,2600065.3426725604,2375924.975128382,100.0
2023-06-07,2675712.5244429214,1171820,2603009.822586326,2378910.1420480083,100.0
2023-06-08,2678541.2145812744,838074,2605947.8533417033,2381894.798667773,100.0
2023-06-09,2681232.89710134,1174662,2608881.8742780285,2384878.70833646,100.0
2023-06-12,2684751.7820188934,1239947,2611829.2716740835,2387865.0144624445,100.0
2023-06-13,2687670.975560123,1091230,2614774.9217059733,2390849.8346209168,100.0
2023-06-14,2690378.6290224707,928484,2617725.0559936417,2393834.6379869,100.0
2023-06-15,2693241.941069113,1008216,2620677.0723236976,2396819.96845611,100.0
2023-06-16,2696315.4500483177,1118693,2623631.950680761,2399806.455139471,100.0
2023-06-19,2699353.5123598366,1002037,2626593.003839487,2402792.0374960145,100.0
2023-06-20,2702183.166520386,1439659,2629554.7806538325,2405776.5333018354,100.0
2023-06-21,2705547.7112404117,801865,2632525.595355928,2408760.719677845,100.0
2023-06-22,2708443.395304813,799466,2635500.8956004856,2411743.4480284513,100.0
2023-06-23,2711206.4579867306,804620,2638473.0813858667,2414725.0267876443,100.0
2023-06-26,2714398.5966664227,882084,2641451.2510255,2417706.3011623975,100.0
2023-06-27,2717664.409235731,564213,2644434.6352956854,2420688.693102984,100.0
2023-06-28,2720500.9106162074,874069,2647410.132857358,2423670.9724718262,100.0
2023-06-29,2723220.6411575996,869343,2650379.3350121933,2426651.1705185305,100.0
2023-06-30,2726426.728811083,1015702,2653352.5746720126,2429633.0953301564,100.0
2023-07-03,2729017.2640884714,1083560,2656317.2272195513,2432613.26321527,100.0
2023-07-04,2731771.9397565923,751956,2659276.063709352,2435590.8766960283,100.0
2023-07-05,2734965.4289866025,1180010,2662242.836938348,2438569.5589044224,100.0
2023-07-06,2737954.358476998,1360448,2665209.8478584504,2441548.988901656,100.0
2023-07-07,2740901.571007279,958342,2668174.568024191,2444528.6192992325,100.0
2023-07-10,2743972.134328578,1314874,2671146.1824962883,2447507.5807228303,100.0
2023-07-11,2746941.579443869,1039797,2674113.723259,2450486.941912678,100.0
2023-07-12,2749681.8420994366,1397746,2677071.7437706846,2453465.39128665,100.0
2023-07-13,2752937.057168638,1223456,2680037.3940877076,2456445.6270287074,100.0
2023-07-14,2756202.0599792153,687219,2683009.309812108,2459427.003859324,100.0
2023-07-17,2759243.126491971,1003725,2685985.5596281346,2462408.971512264,100.0
2023-07-18,2762252.1532950574,1210864,2688959.1924582883,2465392.586135269,100.0
2023-07-19,2765720.0782562615,1006109,2691946.428676816,2468379.4275640217,100.0
2023-07-20,2768664.7916872585,992623,2694933.4490720048,2471366.925348971,100.0
2023-07-21,2771612.876290892,1253952,2697922.8668388976,2474352.920237554,100.0
2023-07-24,2774685.7725407397,858029,2700913.5387136787,2477338.466933344,100.0
2023-07-25,2777980.0369319683,1003503,2703917.272793371,2480324.897691711,100.0
2023-07-26,2781298.591082852,1064725,2706922.0721095116,2483313.426579149,100.0
2023-07-27,2784246.8765565166,933241,2709929.6955608213,2486302.5126854978,100.0
2023-07-28,2787308.5428057085,995974,2712938.312758384,2489292.4146406944,100.0
2023-07-31,2790032.9261122956,1155004,2715942.267714256,2492281.990392526,100.0
2023-08-01,2792970.5308907125,1086567,2718948.0232237447,2495268.7569678584,100.0
2023-08-02,2795802.4728116165,838256,2721953.968692198,2498256.928574444,100.0
2023-08-03,2798601.1064611566,779175,2724952.141239468,2501243.5293407417,100.0
2023-08-04,2801937.42180441,842179,2727959.1426559747,2504233.096236054,100.0
2023-08-07,2804778.964472049,1000249,2730961.8902450963,2507221.9751881957,100.0
2023-08-08,2807672.6432904466,968012,2733965.7173981275,2510211.310536372,100.0
2023-08-09,2810745.81304803,833608,2736973.596672037,2513202.1893622987,100.0
2023-08-10,2814005.3781014243,880369,2739984.778258415,2516195.5062097935,100.0
2023-08-11,2817101.601126702,695992,2742994.162671314,2519187.5491862604,100.0
2023-08-14,2820653.472149506,1083570,2746015.285770278,2522182.484506264,100.0
2023-08-15,2823638.538553856,991996,2749041.797876816,2525178.1108604837,100.0
2023-08-16,2826690.2818419016,748042,2752061.3530247957,2528173.44014418,100.0
2023-08-17,2829745.4019766985,1005724,2755085.4367727037,2531169.0346792354,100.0
2023-08-18,2833032.411854056,1268524,2758121.427067758,2534165.3442299184,100.0
2023-08-21,2836133.859644278,852012,2761149.068620266,2537163.985276208,100.0
2023-08-22,2839110.6137042004,1263027,2764177.861383148,2540162.206488893,100.0
2023-08-23,2841921.115985219,935308,2767208.7111224025,2543158.707518146,100.0
2023-08-24,2844970.0046764114,1039565,2770243.272394548,2546157.114589146,100.0
2023-08-25,2848250.27364267,1019550,2773281.9688664353,2549156.474809693,100.0
2023-08-28,2851168.1972839385,1280304,2776318.262564917,2552153.728466874,100.0
2023-08-29,2854273.986007622,1031686,2779360.078954662,2555151.525925376,100.0
2023-08-30,2857323.2155653588,771619,2782395.589041161,2558148.74812573,100.0
2023-08-31,2860495.919497035,737805,2785436.6395250056,2561146.163275292,100.0
2023-09-01,2863334.9687489076,693415,2788479.209740249,2564143.4811768103,100.0
2023-09-04,2866804.298155013,657605,2791527.3237700206,2567143.105958625,100.0
2023-09-05,2869548.4659336074,1009227,2794565.0049039787,2570143.018574044,100.0
2023-09-06,2872475.35571561,808325,2797604.4938059663,2573143.01694141,100.0
2023-09-07,2875662.974223791,983837,2800653.3404672905,2576143.687713342,100.0
2023-09-08,2878722.32085829,859228,2803699.252308234,2579143.932117952,100.0
2023-09-11,2881888.3180901064,845843,2806756.673388267,2582144.9818965965,100.0
2023-09-12,2884789.09762331,903830,2809817.0165456017,2585144.8155891765,100.0
2023-09-13,2887774.136626774,1140717,2812873.190698405,2588145.677382987,100.0
2023-09-14,2890776.5830235016,1185829,2815929.635189335,2591146.6531060557,100.0
2023-09-15,2894090.434946409,1074234,2818993.4124681177,2594149.178809354,100.0
2023-09-18,2897228.5207512854,802035,2822058.5401965715,2597150.5453504305,100.0
2023-09-19,2900387.855172958,1128726,2825127.465711153,2600152.9227302717,100.0
2023-09-20,2903256.269954451,1137779,2828198.954268254,2603155.141200658,100.0
2023-09-21,2906450.0464821635,1054929,2831269.2140545244,2606158.307202459,100.0
2023-09-22,2909495.1628148775,879275,2834335.0761112375,2609162.6178993685,100.0
2023-09-25,2912772.991878013,1141771,2837405.673418958,2612168.1249877447,100.0
2023-09-26,2916175.8039089967,1084563,2840484.146431237,2615176.0111914924,100.0
2023-09-27,2919114.4507537913,376628,2843552.0338811874,2618185.381957012,100.0
2023-09-28,2922033.1901277024,1128890,2846619.401849997,2621194.4050059523,100.0
2023-09-29,2924860.381129482,617251,2849684.351946769,2624202.8815529956,100.0
2023-10-02,2927831.6652271384,1132712,2852747.2698004968,2627212.8469438287,100.0
2023-10-03,2930755.2601373484,969185,2855802.7742646043,2630222.497443368,100.0
2023-10-04,2933827.161017263,1238722,2858853.345663292,2633231.0180913447,100.0
2023-10-05,2936798.247653876,980367,2861904.3730852394,2636238.8728687563,100.0
2023-10-06,2939725.92779772,822677,2864952.7207850795,2639245.754119694,100.0
2023-10-09,2942938.8448249456,970529,2868010.8391593327,2642255.0414524935,100.0
2023-10-10,2945751.2687787153,1211961,2871066.4539170926,2645262.9140066933,100.0
2023-10-11,2948837.8903693454,1005249,2874127.162268247,2648271.0712192645,100.0
2023-10-12,2951756.7020239076,977132,2877190.274179502,2651278.2934448705,100.0
2023-10-13,2954901.5757248816,1148710,2880249.5572579117,2654285.8174103596,100.0
2023-10-16,2958178.628034226,1042071,2883317.550529156,2657296.0864181207,100.0
2023-10-17,2961118.0083835414,998814,2886386.457831017,2660306.09372844,100.0
2023-10-18,2964206.214964996,1273212,2889455.6658693566,2663317.299942527,100.0
2023-10-19,2967241.9735381426,1311022,2892520.397778091,2666328.735033574,100.0
2023-10-20,2970082.089058234,1122665,2895580.007536722,2669340.2681031483,100.0
2023-10-23,2973130.2465601824,942808,2898629.5430249353,2672350.7294898657,100.0
2023-10-24,2976188.0706612384,1299382,2901680.533667082,2675362.3389694765,100.0
2023-10-25,2979270.6448253277,1236623,2904732.140926751,2678375.2602620637,100.0
2023-10-26,2982230.965045964,1143779,2907781.8521881364,2681387.908569348,100.0
2023-10-27,2985249.803506026,756784,2910826.2000211757,2684401.7281680023,100.0
2023-10-30,2988020.2813170576,1028134,2913863.9284546315,2687414.824819014,100.0
2023-10-31,2990948.6585019617,851265,2916900.6893505864,2690428.3933205474,100.0
2023-11-01,2994059.8510379037,968197,2919943.46405164,2693441.1066126972,100.0
2023-11-02,2997238.34581537,1048011,2922988.83087442,2696453.926574907,100.0
2023-11-03,3000153.882850545,1020031,2926026.9030585773,2699466.3816918116,100.0
2023-11-06,3003174.8256564317,904964,2929067.035626027,2702479.3327397974,100.0
2023-11-07,3006220.4363214565,1254590,2932105.964632303,2705491.5709234937,100.0
2023-11-08,3009260.7323107976,660773,2935144.714967212,2708503.605383057,100.0
2023-11-09,3012368.887027858,1146036,2938182.1743178284,2711515.6825638004,100.0
2023-11-10,3015005.271501781,628503,2941215.5803728863,2714525.967859151,100.0
2023-11-13,3017995.4066877514,1076519,2944239.402543541,2717537.8920604587,100.0
2023-11-14,3021043.213408001,822619,2947269.2974930285,2720550.16776135,100.0
2023-11-15,3023843.14733821,1175660,2950296.653325481,2723561.9756218125,100.0
2023-11-16,3027177.944479612,1017290,2953326.9527305975,2726574.8124127076,100.0
2023-11-17,3030210.2563330596,1049541,2956356.711440093,2729586.798920438,100.0
2023-11-20,3033522.9372820654,796344,2959389.4038239317,2732601.006783958,100.0
2023-11-21,3036364.8326776987,869085,2962420.9185250197,2735613.9557392215,100.0
2023-11-22,3039183.3726533935,1041443,2965449.103245552,2738624.261515366,100.0
2023-11-23,3042228.2230975865,1116713,2968478.1360470336,2741635.4592564516,100.0
2023-11-24,3044892.485425021,1585819,2971494.177056606,2744643.2963874345,100.0
2023-11-27,3047935.478543146,1044571,2974508.3162124436,2747652.2010698556,100.0
2023-11-28,3050954.9223895464,1195207,2977519.657556775,2750661.180011752,100.0
2023-11-29,3054158.055445855,688613,2980537.6932666027,2753671.1857645432,100.0
2023-11-30,3057298.263714088,734021,2983554.657611242,2756681.881059775,100.0
2023-12-01,3060214.768244111,928901,2986569.049719826,2759692.996555699,100.0
2023-12-04,3062995.268913157,760514,2989573.4952605297,2762703.6057380717,100.0
2023-12-05,3066337.7299574255,1297279,2992576.7337814975,2765716.5949459528,100.0
2023-12-06,3069179.3069533124,917956,2995578.0309054875,2768728.4650762174,100.0
2023-12-07,3071970.2020418984,1276436,2998576.771143772,2771738.9596468103,100.0
2023-12-08,3074753.2308300063,1297356,3001574.628137782,2774746.143417012,100.0
2023-12-11,3077976.691893114,1008555,3004577.528671102,2777753.0735035227,100.0
2023-12-12,3080872.911852229,1100359,3007579.881705399,2780759.994533072,100.0
2023-12-13,3083722.170958993,988780,3010577.781904234,2783765.8369885385,100.0
2023-12-14,3086749.708924174,1107687,3013576.81112964,2786770.8200158505,100.0
2023-12-15,3089708.3199820626,1096668,3016576.458973327,2789775.5654966277,100.0
2023-12-18,3092572.7008899054,975270,3019569.136094626,2792779.7025235225,100.0
2023-12-19,3095723.4991833013,1100993,3022568.5807027183,2795784.541966941,100.0
2023-12-20,3098936.562281721,1344739,3025570.5541409655,2798789.579449224,100.0
2023-12-21,3102133.6257835086,1142603,3028578.0926161576,2801796.450569538,100.0
2023-12-22,3105287.0097174407,1065159,3031585.8012960088,2804804.41427899,100.0
2023-12-25,3108367.534823667,1024953,3034589.5794317974,2807812.3101808284,100.0
2023-12-26,3111012.3572236747,797465,3037587.4664086,2810818.118747596,100.0
2023-12-27,3114346.20738495,794540,3040590.266256999,2813825.35698241,100.0
2023-12-28,3117406.6052270215,1064671,3043593.558890777,2816833.2670076,100.0
2023-12-29,3120528.236512542,726121,3046602.481839863,2819840.812653429,100.0
